ori,agency_name,state_name,latitude,longitude,population,city_name,weapon_increase,firearm_increase,2019,2021,perc_21_19,perc_abs,incdec
WI0450000,Outagamie County Sheriff's Office,Wisconsin,44.258904,-88.412056,51594,APPLETON,0,0,0,0,#DIV/0!,infinite,increase
AR0720200,Springdale Police Department,Arkansas,36.18645,-94.12982,85234,SPRINGDALE,0,0,,39,#DIV/0!,infinite,increase
CO0180100,Castle Rock Police Department,Colorado,39.37022,-104.85867,73221,CASTLE ROCK,1,0,0,0,#DIV/0!,infinite,increase
CT0005700,Greenwich Police Department,Connecticut,41.025414,-73.62489,62917,GREENWICH,0,0,0,0,#DIV/0!,infinite,increase
IA0770500,West Des Moines Police Department,Iowa,41.684281,-93.56972,70414,WEST DES MOINES,0,0,,11,#DIV/0!,infinite,increase
IN0320000,Hendricks County Sheriff's Office,Indiana,39.768749,-86.510286,74157,DANVILLE,0,0,,11,#DIV/0!,infinite,increase
IN0530100,Bloomington Police Department,Indiana,39.164577,-86.53207,86118,BLOOMINGTON,1,1,0,52,#DIV/0!,infinite,increase
INIPD0000,Indianapolis Police Department,Indiana,39.76786,-86.15264,895826,INDIANAPOLIS,1,1,0,1763,#DIV/0!,infinite,increase
KY0930400,Oldham County Police Department,Kentucky,38.41098,-85.461105,57112,LA GRANGE,1,0,0,0,#DIV/0!,infinite,increase
MA0052500,Peabody Police Department,Massachusetts,42.521538,-70.939514,53669,PEABODY,1,1,0,13,#DIV/0!,infinite,increase
MA0094700,Waltham Police Department,Massachusetts,42.481711,-71.394917,62693,WALTHAM,0,1,0,3,#DIV/0!,infinite,increase
MA0110400,Brookline Police Department,Massachusetts,42.333908,-71.12126,59748,BROOKLINE,0,1,0,1,#DIV/0!,infinite,increase
MN0270300,Brooklyn Park Police Department,Minnesota,45.10883,-93.34976,79946,BROOKLYN PARK,0,0,,66,#DIV/0!,infinite,increase
NB0770000,Sarpy County Sheriff's Office,Nebraska,41.115064,-96.109125,102658,PAPILLION,1,0,0,0,#DIV/0!,infinite,increase
OH0314400,Green Township Police Department,Ohio,39.196927,-84.544187,59115,,1,1,0,12,#DIV/0!,infinite,increase
OR0020100,Corvallis Police Department,Oregon,44.493882,-123.424664,59585,CORVALLIS,1,1,0,2,#DIV/0!,infinite,increase
GA1070000,Newton County Sheriff's Office,Georgia,33.544065,-83.855192,96133,COVINGTON,1,1,3,113,3666.666667,3666.666667,increase
CO0300400,Lakewood Police Department,Colorado,39.708225,-105.08569,158977,LAKEWOOD,1,1,15,150,900,900,increase
TX0430800,Wylie Police Department,Texas,33.02303,-96.51876,55889,WYLIE,1,1,1,9,800,800,increase
MT0160100,Bozeman Police Department,Montana,45.535559,-111.173443,52586,BOZEMAN,1,1,2,17,750,750,increase
MI5915900,Montcalm County Sheriff's Office,Michigan,43.30014,-85.084816,50714,STANTON,1,1,1,8,700,700,increase
IN0710000,St. Joseph County Sheriff's Office,Indiana,41.66508,-86.25508,110913,SOUTH BEND,1,1,3,22,633.3333333,633.3333333,increase
MO0100200,Columbia Police Department,Missouri,38.989657,-92.310779,126418,COLUMBIA,1,1,17,123,623.5294118,623.5294118,increase
CT0013500,Stamford Police Department,Connecticut,41.060837,-73.53756,132292,STAMFORD,1,1,3,20,566.6666667,566.6666667,increase
WI0560000,St. Croix County Sheriff's Office,Wisconsin,45.028959,-92.447284,56967,HUDSON,1,1,1,6,500,500,increase
IA0520200,Iowa City Police Department,Iowa,41.660053,-91.52996,77522,IOWA CITY,1,1,5,29,480,480,increase
OH0314200,Colerain Township Police Department,Ohio,39.24491,-84.60994,59223,CINCINNATI,1,1,5,28,460,460,increase
NC0680100,Chapel Hill Police Department,North Carolina,35.92805,-79.05418,64388,CHAPEL HILL,1,1,3,16,433.3333333,433.3333333,increase
MI6381500,West Bloomfield Township Police Department,Michigan,42.660452,-83.38421,65720,WEST BLOOMFIELD,1,1,2,10,400,400,increase
MO0920300,St. Charles Police Department,Missouri,38.774826,-90.527084,72323,SAINT CHARLES,1,1,7,35,400,400,increase
VA0820000,Rockingham County Sheriff's Office,Virginia,38.511257,-78.876307,62436,HARRISONBURG,1,1,3,15,400,400,increase
MI6378400,Troy Police Department,Michigan,42.562386,-83.15445,83851,TROY,1,1,5,23,360,360,increase
VA0530100,Leesburg Police Department,Virginia,39.08113,-77.638857,55794,LEESBURG,1,1,2,9,350,350,increase
MT0560100,Billings Police Department,Montana,45.936987,-108.276656,110274,BILLINGS,1,1,37,158,327.027027,327.027027,increase
IA0310100,Dubuque Police Department,Iowa,42.500935,-90.66581,57790,DUBUQUE,1,1,7,29,314.2857143,314.2857143,increase
ND0180100,Grand Forks Police Department,North Dakota,47.926003,-97.450851,56253,GRAND FORKS,1,1,1,4,300,300,increase
OH0091500,West Chester Township Police Department,Ohio,39.439747,-84.565734,63211,WEST CHESTER,1,1,4,16,300,300,increase
OR0200600,Springfield Police Department,Oregon,43.928305,-122.897659,63599,SPRINGFIELD,1,1,2,8,300,300,increase
NM0070000,Dona Ana County Sheriff's Office,New Mexico,32.350912,-106.832182,85437,LAS CRUCES,1,1,17,64,276.4705882,276.4705882,increase
TX0573300,Rowlett Police Department,Texas,32.766987,-96.778424,69287,ROWLETT,1,1,8,30,275,275,increase
CO0300000,Jefferson County Sheriff's Office,Colorado,39.72974,-105.2028,193451,GOLDEN,1,1,15,55,266.6666667,266.6666667,increase
OH0500900,Youngstown Police Department,Ohio,41.099815,-80.65149,63538,YOUNGSTOWN,1,1,49,178,263.2653061,263.2653061,increase
VA0210100,Chesterfield County Police Department,Virginia,37.378434,-77.585847,362188,CHESTERFIELD,1,1,32,116,262.5,262.5,increase
AZ0110100,Casa Grande Police Department,Arizona,32.878384,-111.751495,62566,CASA GRANDE,1,1,15,51,240,240,increase
WA0174300,Shoreline Police Department,Washington,47.493554,-121.832375,58725,SHORELINE,1,1,4,13,225,225,increase
TX0610200,Denton Police Department,Texas,33.214447,-97.12535,150975,DENTON,1,1,26,83,219.2307692,219.2307692,increase
CO0030000,Arapahoe County Sheriff's Office,Colorado,39.578564,-104.84023,89396,CENTENNIAL,1,1,15,47,213.3333333,213.3333333,increase
IN0840100,Terre Haute Police Department,Indiana,39.467537,-87.39904,60372,TERRE HAUTE,1,1,11,34,209.0909091,209.0909091,increase
MI6375100,Southfield Police Department,Michigan,42.48026,-83.24084,72216,SOUTHFIELD,1,1,32,98,206.25,206.25,increase
CT0015600,West Haven Police Department,Connecticut,41.27384,-72.96431,54248,WEST HAVEN,1,1,2,6,200,200,increase
KY0630000,Laurel County Sheriff's Office,Kentucky,37.127853,-84.083916,53631,LONDON,1,1,1,3,200,200,increase
MN0690000,St. Louis County Sheriff's Office,Minnesota,46.781807,-92.103836,57182,DULUTH,0,1,2,6,200,200,increase
NB0280000,Douglas County Sheriff's Office,Nebraska,41.297091,-96.154066,91083,OMAHA,1,1,3,9,200,200,increase
NC0190000,Chatham County Sheriff's Office,North Carolina,35.704994,-79.251454,60545,PITTSBORO,1,1,5,15,200,200,increase
ND0090200,Fargo Police Department,North Dakota,46.927003,-97.252375,127313,FARGO,1,1,6,18,200,200,increase
RI0020300,Warwick Police Department,Rhode Island,41.701786,-71.45817,83968,WARWICK,0,1,2,6,200,200,increase
TX2270900,Pflugerville Police Department,Texas,30.239513,-97.69127,68978,PFLUGERVILLE,1,1,12,36,200,200,increase
VA0300000,Fauquier County Sheriff's Office,Virginia,38.744103,-77.821585,61209,WARRENTON,0,1,1,3,200,200,increase
WA0060300,Vancouver Police Department,Washington,45.771674,-122.485903,188160,VANCOUVER,1,1,42,126,200,200,increase
WA0175000,Sammamish Police Department,Washington,47.60465,-122.035515,66855,SAMMAMISH,0,1,1,3,200,200,increase
WV0410000,Raleigh County Sheriff's Office,West Virginia,37.78005,-81.16628,54289,BECKLEY,1,1,9,27,200,200,increase
CO0510100,Pueblo Police Department,Colorado,38.268818,-104.6085,113371,PUEBLO,1,1,125,369,195.2,195.2,increase
MI4143600,Grand Rapids Police Department,Michigan,42.963238,-85.66699,201280,GRAND RAPIDS,1,1,129,374,189.9224806,189.9224806,increase
WI0130000,Dane County Sheriff's Office,Wisconsin,43.074104,-89.38086,91436,MADISON,1,1,6,17,183.3333333,183.3333333,increase
TX0430400,Frisco Police Department,Texas,33.194745,-96.579846,222416,FRISCO,1,1,21,59,180.952381,180.952381,increase
RI0040200,Cranston Police Department,Rhode Island,41.802887,-71.44183,84105,CRANSTON,0,1,5,14,180,180,increase
MT0320100,Missoula Police Department,Montana,46.873913,-113.99474,77852,MISSOULA,1,1,14,38,171.4285714,171.4285714,increase
TX2460200,Georgetown Police Department,Texas,30.636448,-97.680916,90629,GEORGETOWN,1,1,9,24,166.6666667,166.6666667,increase
WA0173600,Federal Way Police Department,Washington,47.493554,-121.832375,97017,FEDERAL WAY,1,1,45,118,162.2222222,162.2222222,increase
VA1270000,Suffolk Police Department,Virginia,36.697157,-76.634781,94755,SUFFOLK,1,1,49,128,161.2244898,161.2244898,increase
TX0201000,Pearland Police Department,Texas,29.167817,-95.434647,126983,PEARLAND,1,1,15,39,160,160,increase
OR0200200,Eugene Police Department,Oregon,44.051296,-123.08966,175007,EUGENE,1,1,13,33,153.8461538,153.8461538,increase
AR0260000,Garland County Sheriff's Office,Arkansas,34.504906,-93.05932,60542,HOT SPRINGS,1,1,14,35,150,150,increase
KS0461000,Lenexa Police Department,Kansas,38.971035,-94.73084,57012,LENEXA,1,1,6,15,150,150,increase
MO0360000,Franklin County Sheriff's Office,Missouri,38.459488,-90.9924,58098,UNION,1,1,4,10,150,150,increase
OH0120000,Clark County Sheriff's Office,Ohio,39.926155,-83.81001,63796,SPRINGFIELD,1,1,2,5,150,150,increase
OH0250000,Franklin County Sheriff's Office,Ohio,39.95252,-82.99876,64577,COLUMBUS,1,1,2,5,150,150,increase
VA0020300,Albemarle County Police Department,Virginia,38.024184,-78.553506,111732,CHARLOTTESVILLE,1,1,4,10,150,150,increase
GA0605600,Sandy Springs Police Department,Georgia,33.925224,-84.359856,111533,ATLANTA,1,1,21,52,147.6190476,147.6190476,increase
MI3351900,Lansing Police Department,Michigan,42.733696,-84.55264,117865,LANSING,1,1,165,408,147.2727273,147.2727273,increase
OR0260100,Gresham Police Department,Oregon,45.50593,-122.435295,110448,GRESHAM,1,1,33,81,145.4545455,145.4545455,increase
NC0920100,Raleigh Police Department,North Carolina,35.789846,-78.650624,481823,RALEIGH,1,1,203,489,140.8866995,140.8866995,increase
MI5076500,Sterling Heights Police Department,Michigan,42.59104,-83.01116,131911,STERLING HEIGHTS,1,1,15,36,140,140,increase
OH0770000,Summit County Sheriff's Office,Ohio,41.07877,-81.518234,53121,AKRON,1,1,5,12,140,140,increase
GA1100000,Paulding County Sheriff's Office,Georgia,33.920903,-84.866979,157159,DALLAS,1,1,33,79,139.3939394,139.3939394,increase
MI8290800,Canton Township Police Department,Michigan,42.29957,-83.4868,94777,CANTON,1,1,11,26,136.3636364,136.3636364,increase
AZ0140000,Yuma County Sheriff's Office,Arizona,32.723854,-114.62336,54510,YUMA,1,1,14,33,135.7142857,135.7142857,increase
MT0070100,Great Falls Police Department,Montana,47.316443,-111.350571,58265,GREAT FALLS,1,1,14,33,135.7142857,135.7142857,increase
MI6371400,Royal Oak Police Department,Michigan,42.660452,-83.38421,59137,ROYAL OAK,1,1,3,7,133.3333333,133.3333333,increase
MI8281700,Westland Police Department,Michigan,42.32417,-83.40208,80837,WESTLAND,1,1,33,77,133.3333333,133.3333333,increase
TN0060000,Bradley County Sheriff's Office,Tennessee,35.153914,-84.859414,63446,CLEVELAND,1,1,21,49,133.3333333,133.3333333,increase
IA0570100,Cedar Rapids Police Department,Iowa,41.975834,-91.66754,134763,CEDAR RAPIDS,1,1,40,93,132.5,132.5,increase
CO0010300,Commerce City Police Department,Colorado,39.874325,-104.331872,60845,COMMERCE CITY,1,1,47,109,131.9148936,131.9148936,increase
UT0290100,Ogden Police Department,Utah,41.227345,-111.97592,87828,OGDEN,1,1,22,51,131.8181818,131.8181818,increase
OR0260200,Portland Police Department,Oregon,45.515236,-122.676056,664350,PORTLAND,1,1,327,756,131.1926606,131.1926606,increase
VA0070100,Arlington County Police Department,Virginia,38.889954,-77.08372,243149,ARLINGTON,1,1,23,53,130.4347826,130.4347826,increase
TX0610600,Lewisville Police Department,Texas,33.205005,-97.119046,113998,LEWISVILLE,1,1,34,78,129.4117647,129.4117647,increase
WA0170700,Kent Police Department,Washington,47.38059,-122.23741,131899,KENT,1,1,46,105,128.2608696,128.2608696,increase
VA0100000,Bedford County Sheriff's Office,Virginia,37.311317,-79.50447,73556,BEDFORD,1,1,11,25,127.2727273,127.2727273,increase
MS0170100,Southaven Police Department,Mississippi,34.874266,-89.99324,57455,SOUTHAVEN,1,1,15,34,126.6666667,126.6666667,increase
MN0271100,Minneapolis Police Department,Minnesota,44.987347,-93.249756,438463,MINNEAPOLIS,1,1,486,1101,126.5432099,126.5432099,increase
OH0470000,Lorain County Sheriff's Office,Ohio,41.346176,-82.13405,58932,ELYRIA,1,1,4,9,125,125,increase
OH0470400,Elyria Police Department,Ohio,41.369877,-82.11018,53809,ELYRIA,1,1,12,27,125,125,increase
TX0310300,Harlingen Police Department,Texas,26.102923,-97.478958,65186,HARLINGEN,1,1,25,56,124,124,increase
TN0820200,Kingsport Police Department,Tennessee,36.547108,-82.561806,54229,KINGSPORT,1,1,45,99,120,120,increase
GA0690000,Hall County Sheriff's Office,Georgia,34.317588,-83.818497,147037,GAINESVILLE,1,1,26,57,119.2307692,119.2307692,increase
ID0100200,Idaho Falls Police Department,Idaho,43.395171,-111.621878,64792,IDAHO FALLS,1,1,11,24,118.1818182,118.1818182,increase
ID0140200,Nampa Police Department,Idaho,43.623051,-116.708527,105619,NAMPA,1,1,22,48,118.1818182,118.1818182,increase
MI4185000,Kentwood Police Department,Michigan,42.880886,-85.59636,52028,GRAND RAPIDS,1,1,11,24,118.1818182,118.1818182,increase
CO0010100,Aurora Police Department,Colorado,39.70955,-104.81493,393897,AURORA,1,1,393,852,116.7938931,116.7938931,increase
MA0112000,Quincy Police Department,Massachusetts,42.25548,-70.99678,95737,QUINCY,1,1,6,13,116.6666667,116.6666667,increase
NC0800000,Rowan County Sheriff's Office,North Carolina,35.66859,-80.46837,77550,SALISBURY,1,1,19,41,115.7894737,115.7894737,increase
MI3967800,Portage Police Department,Michigan,42.201576,-85.5913,50141,PORTAGE,0,1,7,15,114.2857143,114.2857143,increase
TX1050700,Kyle Police Department,Texas,30.061225,-98.029267,54692,KYLE,1,1,7,15,114.2857143,114.2857143,increase
MI8234400,Dearborn Heights Police Department,Michigan,42.29735,-83.288826,54772,DEARBORN HEIGHTS,1,1,24,51,112.5,112.5,increase
IA0970100,Sioux City Police Department,Iowa,42.496357,-96.40646,82750,SIOUX CITY,1,1,30,63,110,110,increase
OK0140200,Norman Police Department,Oklahoma,35.221004,-97.44601,127304,NORMAN,1,1,23,48,108.6956522,108.6956522,increase
CO0010000,Adams County Sheriff's Office,Colorado,39.874325,-104.331872,93869,BRIGHTON,1,1,83,173,108.4337349,108.4337349,increase
VA0750300,Prince William County Police Department,Virginia,38.701119,-77.479579,472890,WOODBRIDGE,1,1,105,215,104.7619048,104.7619048,increase
CO0620200,Greeley Police Department,Colorado,40.422905,-104.72735,110660,GREELEY,1,1,48,98,104.1666667,104.1666667,increase
MI3949900,Kalamazoo Police Department,Michigan,42.28092,-85.58168,76179,KALAMAZOO,1,1,136,277,103.6764706,103.6764706,increase
CO0031100,Centennial Police Department,Colorado,39.644632,-104.331733,111199,ENGLEWOOD,1,1,13,26,100,100,increase
ME0060000,Kennebec County Sheriff's Office,Maine,44.417012,-69.765764,53847,AUGUSTA,1,0,2,0,-100,100,decrease
MI6362700,Novi Police Department,Michigan,42.46606,-83.49233,61440,NOVI,1,1,3,6,100,100,increase
NC0230000,Cleveland County Sheriff's Office,North Carolina,35.33463,-81.557114,62852,SHELBY,1,1,19,38,100,100,increase
NC0510000,Johnston County Sheriff's Office,North Carolina,35.513398,-78.36731,154294,SMITHFIELD,1,1,16,32,100,100,increase
NC0680000,Orange County Sheriff's Office,North Carolina,36.0745,-79.09902,55542,HILLSBOROUGH,1,1,12,24,100,100,increase
NC0920300,Cary Police Department,North Carolina,35.789846,-78.650624,177735,CARY,1,1,16,32,100,100,increase
NH0064600,Nashua Police Department,New Hampshire,42.911643,-71.723101,89431,NASHUA,1,1,1,2,100,100,increase
OH0250300,Dublin Police Department,Ohio,40.101982,-83.14079,50236,DUBLIN,0,0,4,0,-100,100,decrease
OR0220000,Linn County Sheriff's Office,Oregon,44.494824,-122.543755,54318,ALBANY,1,0,2,0,-100,100,decrease
TX1050100,San Marcos Police Department,Texas,30.061225,-98.029267,68961,SAN MARCOS,1,1,32,64,100,100,increase
WI0450100,Appleton Police Department,Wisconsin,44.260445,-88.41205,74204,APPLETON,1,1,8,16,100,100,increase
WA0270300,Tacoma Police Department,Washington,47.051437,-122.153228,222235,TACOMA,1,1,379,756,99.47229551,99.47229551,increase
VA1170000,Norfolk Police Department,Virginia,36.923015,-76.244641,242488,NORFOLK,1,1,288,573,98.95833333,98.95833333,increase
TX2270100,Austin Police Department,Texas,30.268007,-97.735275,1016721,AUSTIN,1,1,571,1128,97.54816112,97.54816112,increase
TX1551200,Waco Police Department,Texas,31.549493,-97.201472,143089,WACO,1,1,156,308,97.43589744,97.43589744,increase
MD0160400,Montgomery County Police Department,Maryland,39.10462,-77.18817,1054042,ROCKVILLE,1,1,84,165,96.42857143,96.42857143,increase
WASPD0000,Seattle Police Department,Washington,47.493554,-121.832375,787749,SEATTLE,1,1,280,544,94.28571429,94.28571429,increase
CO0390000,Mesa County Sheriff's Office,Colorado,39.068436,-108.57308,71975,GRAND JUNCTION,1,1,17,33,94.11764706,94.11764706,increase
VA0990000,Alexandria Police Department,Virginia,38.818343,-77.082026,160457,ALEXANDRIA,1,1,31,60,93.5483871,93.5483871,increase
RI0040800,Pawtucket Police Department,Rhode Island,41.879257,-71.38248,74342,PAWTUCKET,1,1,27,52,92.59259259,92.59259259,increase
OR0340000,Washington County Sheriff's Office,Oregon,45.553542,-123.097615,240972,HILLSBORO,1,1,26,50,92.30769231,92.30769231,increase
VA0980000,York County Sheriff's Office,Virginia,37.220914,-76.395533,69526,YORKTOWN,1,1,13,25,92.30769231,92.30769231,increase
AR0600300,North Little Rock Police Department,Arkansas,34.77923,-92.26978,66677,NORTH LITTLE ROCK,1,1,115,220,91.30434783,91.30434783,increase
LA0030000,Ascension Parish Sheriff's Office,Louisiana,30.202946,-90.910023,118623,DONALDSONVILLE,1,1,61,116,90.16393443,90.16393443,increase
MI1111100,Berrien County Sheriff's Office,Michigan,42.10951,-86.47704,51267,SAINT JOSEPH,1,1,10,19,90,90,increase
MI6338900,Farmington Hills Police Department,Michigan,42.484615,-83.3609,80044,FARMINGTON HILLS,1,1,10,19,90,90,increase
IL1010400,Rockford Police Department,Illinois,42.272087,-89.09654,144027,ROCKFORD,1,1,318,603,89.62264151,89.62264151,increase
SC0370000,Oconee County Sheriff's Office,South Carolina,34.76043,-83.073364,62990,WALHALLA,1,1,38,72,89.47368421,89.47368421,increase
WA0174100,Burien Police Department,Washington,47.602222,-122.33089,51584,SEATTLE,1,1,19,36,89.47368421,89.47368421,increase
MI7417400,St. Clair County Sheriff's Office,Michigan,42.94248,-82.48136,99574,PORT HURON,1,1,9,17,88.88888889,88.88888889,increase
CT0010300,Norwalk Police Department,Connecticut,41.096684,-73.42238,88930,NORWALK,0,0,8,1,-87.5,87.5,decrease
WA0170200,Bellevue Police Department,Washington,47.493554,-121.832375,150208,BELLEVUE,1,1,8,15,87.5,87.5,increase
TN0330100,Chattanooga Police Department,Tennessee,35.159186,-85.202296,186222,CHATTANOOGA,1,1,407,762,87.22358722,87.22358722,increase
UT0180300,Salt Lake City Police Department,Utah,40.667883,-111.92424,205929,SALT LAKE CITY,1,1,108,202,87.03703704,87.03703704,increase
AR0720100,Fayetteville Police Department,Arkansas,36.06085,-94.15727,91309,FAYETTEVILLE,1,1,46,86,86.95652174,86.95652174,increase
KY0568000,Louisville Metro Police Department,Kentucky,38.254276,-85.760895,678236,LOUISVILLE,1,1,1097,2045,86.41750228,86.41750228,increase
VA0430100,Henrico County Police Department,Virginia,37.43752,-77.300333,336138,RICHMOND,1,1,115,213,85.2173913,85.2173913,increase
WA0310300,Everett Police Department,Washington,47.977795,-122.20719,113469,EVERETT,1,1,32,59,84.375,84.375,increase
TX1290000,Kaufman County Sheriff's Office,Texas,32.598944,-96.288378,79220,KAUFMAN,1,1,25,46,84,84,increase
TX2201200,Fort Worth Police Department,Texas,32.77204,-97.291291,947862,FORT WORTH,1,1,756,1390,83.86243386,83.86243386,increase
OR0090100,Bend Police Department,Oregon,44.055473,-121.33363,104833,BEND,1,0,6,1,-83.33333333,83.33333333,decrease
MI8234300,Dearborn Police Department,Michigan,42.314945,-83.19971,92930,DEARBORN,1,1,48,88,83.33333333,83.33333333,increase
VA1280000,Virginia Beach Police Department,Virginia,36.7545,-76.05844,451938,VIRGINIA BEACH,0,1,29,53,82.75862069,82.75862069,increase
TX0572000,Richardson Police Department,Texas,32.766987,-96.778424,122872,RICHARDSON,1,1,23,42,82.60869565,82.60869565,increase
WA0370100,Bellingham Police Department,Washington,48.755722,-122.479614,95279,BELLINGHAM,1,1,11,20,81.81818182,81.81818182,increase
WA0390500,Yakima Police Department,Washington,46.456558,-120.740145,94594,YAKIMA,1,1,65,118,81.53846154,81.53846154,increase
TX0210200,College Station Police Department,Texas,30.656725,-96.302389,122051,COLLEGE STATION,1,1,26,47,80.76923077,80.76923077,increase
NC0010100,Burlington Police Department,North Carolina,36.041974,-79.399935,56065,BURLINGTON,1,1,65,117,80,80,increase
SC0230200,Greenville Police Department,South Carolina,34.852623,-82.38797,73653,GREENVILLE,1,1,65,117,80,80,increase
AR0600200,Little Rock Police Department,Arkansas,34.749084,-92.277565,198260,LITTLE ROCK,1,1,583,1049,79.93138937,79.93138937,increase
WA0171300,Renton Police Department,Washington,47.46636,-122.23833,102458,RENTON,1,1,34,61,79.41176471,79.41176471,increase
KS0460500,Olathe Police Department,Kansas,38.86768,-94.82552,143307,OLATHE,1,1,29,52,79.31034483,79.31034483,increase
VA1030000,Chesapeake Police Department,Virginia,36.71744,-76.24797,249188,CHESAPEAKE,1,1,168,301,79.16666667,79.16666667,increase
LA0400000,Rapides Parish Sheriff's Office,Louisiana,31.193204,-92.535953,62893,ALEXANDRIA,1,1,46,82,78.26086957,78.26086957,increase
TX2120400,Tyler Police Department,Texas,32.3517,-95.30884,109408,TYLER,1,1,87,155,78.16091954,78.16091954,increase
MA0051900,Methuen Police Department,Massachusetts,42.729824,-71.19032,51691,METHUEN,0,0,9,2,-77.77777778,77.77777778,decrease
MI4114100,Kent County Sheriff's Office,Michigan,42.976032,-85.630035,270582,GRAND RAPIDS,1,1,31,55,77.41935484,77.41935484,increase
LA0290000,Lafourche Parish Sheriff's Office,Louisiana,29.491992,-90.394849,78301,THIBODAUX,1,1,44,78,77.27272727,77.27272727,increase
AR0660100,Fort Smith Police Department,Arkansas,35.38317,-94.4234,87912,FORT SMITH,1,1,92,163,77.17391304,77.17391304,increase
VA1140000,Lynchburg Police Department,Virginia,37.399016,-79.195458,82088,LYNCHBURG,1,1,45,79,75.55555556,75.55555556,increase
MN0620000,Ramsey County Sheriff's Office,Minnesota,45.01525,-93.100141,84975,SAINT PAUL,1,1,16,28,75,75,increase
WA0340400,Lacey Police Department,Washington,46.932598,-122.829441,55484,LACEY,0,1,4,7,75,75,increase
WA0390000,Yakima County Sheriff's Office,Washington,46.456558,-120.740145,84839,YAKIMA,0,1,16,28,75,75,increase
MA0092600,Lowell Police Department,Massachusetts,42.64813,-71.31313,112230,LOWELL,0,1,27,47,74.07407407,74.07407407,increase
TN0830400,Hendersonville Police Department,Tennessee,36.473443,-86.459798,60170,HENDERSONVILLE,0,0,27,7,-74.07407407,74.07407407,decrease
NC0780000,Robeson County Sheriff's Office,North Carolina,34.591152,-79.05221,92933,LUMBERTON,1,1,207,360,73.91304348,73.91304348,increase
SC0080000,Berkeley County Sheriff's Office,South Carolina,33.200596,-80.01885,132179,MONCKS CORNER,1,1,69,120,73.91304348,73.91304348,increase
OHCOP0000,Columbus Police Department,Ohio,39.9643,-83.0046,916001,COLUMBUS,1,1,700,1216,73.71428571,73.71428571,increase
MI3913900,Kalamazoo County Sheriff's Office,Michigan,42.277348,-85.54824,111762,KALAMAZOO,1,1,34,59,73.52941176,73.52941176,increase
MI6116100,Muskegon County Sheriff's Office,Michigan,43.235233,-86.24447,58165,MUSKEGON,0,0,7,2,-71.42857143,71.42857143,decrease
WA0060000,Clark County Sheriff's Office,Washington,45.771674,-122.485903,231393,VANCOUVER,1,1,14,24,71.42857143,71.42857143,increase
TN0470100,Knoxville Police Department,Tennessee,35.992726,-83.937721,191463,KNOXVILLE,1,1,245,417,70.20408163,70.20408163,increase
WA0110200,Pasco Police Department,Washington,46.235126,-119.0925,78680,PASCO,1,1,20,34,70,70,increase
WV0020000,Berkeley County Sheriff's Office,West Virginia,39.45025,-77.96581,106788,MARTINSBURG,1,1,10,17,70,70,increase
WIMPD0000,Milwaukee Police Department,Wisconsin,43.04385,-87.90265,593337,MILWAUKEE,1,1,1733,2942,69.76341604,69.76341604,increase
MI3313300,Ingham County Sheriff's Office,Michigan,42.588882,-84.45707,68436,MASON,1,1,13,22,69.23076923,69.23076923,increase
MI6380800,Waterford Township Police Department,Michigan,42.67006,-83.38812,72213,WATERFORD,1,1,13,22,69.23076923,69.23076923,increase
OK0550300,Edmond Police Department,Oklahoma,35.654186,-97.480965,96861,EDMOND,1,1,13,22,69.23076923,69.23076923,increase
TX0140700,Temple Police Department,Texas,31.095078,-97.33949,82333,TEMPLE,1,1,52,88,69.23076923,69.23076923,increase
TX1011500,Pasadena Police Department,Texas,29.690775,-95.19727,149428,PASADENA,1,1,107,181,69.1588785,69.1588785,increase
TXHPD0000,Houston Police Department,Texas,29.75597,-95.36702,2339252,HOUSTON,1,1,3742,6325,69.02725815,69.02725815,increase
WA0321500,Spokane Valley Police Department,Washington,47.620375,-117.403371,104276,SPOKANE VALLEY,1,1,19,32,68.42105263,68.42105263,increase
TX0571800,Mesquite Police Department,Texas,32.766987,-96.778424,137796,MESQUITE,1,1,139,234,68.34532374,68.34532374,increase
NC0260100,Fayetteville Police Department,North Carolina,35.054447,-78.88379,212047,FAYETTEVILLE,1,1,340,571,67.94117647,67.94117647,increase
NC0010000,Alamance County Sheriff's Office,North Carolina,36.041974,-79.399935,66326,GRAHAM,1,1,28,47,67.85714286,67.85714286,increase
OH0570200,Dayton Police Department,Ohio,39.758675,-84.197075,139671,DAYTON,1,1,275,461,67.63636364,67.63636364,increase
TNMPD0000,Memphis Police Department,Tennessee,35.14924,-90.047455,649444,MEMPHIS,1,1,3362,5608,66.80547293,66.80547293,increase
MA0112700,Weymouth Police Department,Massachusetts,42.200764,-70.94817,59242,WEYMOUTH,0,1,3,5,66.66666667,66.66666667,increase
MI4714700,Livingston County Sheriff's Office,Michigan,42.612854,-83.95397,127743,HOWELL,1,1,6,10,66.66666667,66.66666667,increase
MI5015000,Macomb County Sheriff's Office,Michigan,42.615917,-82.886955,198239,MOUNT CLEMENS,1,1,27,45,66.66666667,66.66666667,increase
NB0770100,Bellevue Police Department,Nebraska,41.115064,-96.109125,53436,BELLEVUE,0,0,3,1,-66.66666667,66.66666667,decrease
OH0760000,Stark County Sheriff's Office,Ohio,40.814131,-81.365667,118427,CANTON,1,1,15,25,66.66666667,66.66666667,increase
UT0290000,Weber County Sheriff's Office,Utah,41.244186,-111.96058,75470,OGDEN,1,1,6,10,66.66666667,66.66666667,increase
WA0030200,Richland Police Department,Washington,46.278522,-119.27373,60615,RICHLAND,1,1,12,20,66.66666667,66.66666667,increase
WA0171200,Redmond Police Department,Washington,47.493554,-121.832375,74583,REDMOND,0,0,6,2,-66.66666667,66.66666667,decrease
OR0150400,Medford Police Department,Oregon,42.323277,-122.87611,84297,MEDFORD,0,0,29,10,-65.51724138,65.51724138,decrease
MI8277500,Taylor Police Department,Michigan,42.226578,-83.2629,60341,TAYLOR,1,1,46,76,65.2173913,65.2173913,increase
TN0330000,Hamilton County Sheriff's Office,Tennessee,35.049618,-85.30953,121457,CHATTANOOGA,1,1,23,38,65.2173913,65.2173913,increase
SD0510100,Rapid City Police Department,South Dakota,44.078087,-103.22213,79910,RAPID CITY,1,1,31,51,64.51612903,64.51612903,increase
TX2210100,Abilene Police Department,Texas,32.295054,-99.893644,125088,ABILENE,1,1,76,125,64.47368421,64.47368421,increase
WA0270000,Pierce County Sheriff's Office,Washington,47.254436,-122.44484,429625,TACOMA,1,1,163,268,64.41717791,64.41717791,increase
VA1230000,Roanoke Police Department,Virginia,37.278458,-79.958174,99175,ROANOKE,1,1,73,120,64.38356164,64.38356164,increase
MI2312300,Eaton County Sheriff's Office,Michigan,42.589614,-84.846524,78168,CHARLOTTE,1,1,14,23,64.28571429,64.28571429,increase
ID0280100,Coeur d'Alene Police Department,Idaho,47.715008,-116.80246,54358,COEUR D ALENE,1,1,11,18,63.63636364,63.63636364,increase
OR0150000,Jackson County Sheriff's Office,Oregon,42.322453,-122.87915,70360,MEDFORD,0,0,11,4,-63.63636364,63.63636364,decrease
NC0920000,Wake County Sheriff's Office,North Carolina,35.789846,-78.650624,182101,RALEIGH,1,1,30,49,63.33333333,63.33333333,increase
CODPD0000,Denver Police Department,Colorado,39.737377,-104.99167,740209,DENVER,1,1,717,1166,62.62203626,62.62203626,increase
OH0130000,Clermont County Sheriff's Office,Ohio,39.094086,-84.19046,65107,BATAVIA,0,0,24,9,-62.5,62.5,decrease
OR0090000,Deschutes County Sheriff's Office,Oregon,44.097103,-121.3027,63484,BEND,0,0,8,3,-62.5,62.5,decrease
CO0300100,Arvada Police Department,Colorado,39.802036,-105.08734,123548,ARVADA,1,1,37,60,62.16216216,62.16216216,increase
DE303SP00,State Police: Sussex County,Delaware,38.677511,-75.335495,189948,LEWES,1,1,52,84,61.53846154,61.53846154,increase
TN0790600,Bartlett Police Department,Tennessee,35.228004,-89.80908,59562,MEMPHIS,0,1,23,37,60.86956522,60.86956522,increase
OHCLP0000,Cleveland Police Department,Ohio,41.53992,-81.62757,379313,CLEVELAND,1,1,989,1589,60.66734075,60.66734075,increase
CO0010500,Westminster Police Department,Colorado,39.86312,-105.050415,115942,WESTMINSTER,1,1,45,72,60,60,increase
NC0490000,Iredell County Sheriff's Office,North Carolina,35.806356,-80.874545,113516,STATESVILLE,1,1,20,32,60,60,increase
NC0900000,Union County Sheriff's Office,North Carolina,34.991501,-80.530131,166428,MONROE,1,1,35,56,60,60,increase
OH0850000,Wayne County Sheriff's Office,Ohio,40.829661,-81.887194,61918,WOOSTER,0,1,5,8,60,60,increase
VA0160000,Campbell County Sheriff's Office,Virginia,37.210151,-79.095428,50755,RUSTBURG,1,1,20,32,60,60,increase
UT0250000,Utah County Sheriff's Office,Utah,40.120409,-111.668667,80755,SPANISH FORK,1,0,5,2,-60,60,decrease
WA0320400,Spokane Police Department,Washington,47.665245,-117.42813,223344,SPOKANE,0,1,124,197,58.87096774,58.87096774,increase
ID0010000,Ada County Sheriff's Office,Idaho,43.60671,-116.26885,147581,BOISE,1,1,12,19,58.33333333,58.33333333,increase
KY0300100,Owensboro Police Department,Kentucky,37.731671,-87.087139,60636,OWENSBORO,1,1,12,19,58.33333333,58.33333333,increase
WA0310500,Marysville Police Department,Washington,48.061275,-122.174385,72620,MARYSVILLE,0,1,12,19,58.33333333,58.33333333,increase
TX0790100,Missouri City Police Department,Texas,29.526602,-95.771015,77682,MISSOURI CITY,1,1,19,30,57.89473684,57.89473684,increase
SD0490200,Sioux Falls Police Department,South Dakota,43.553837,-96.73019,191508,SIOUX FALLS,1,1,83,131,57.8313253,57.8313253,increase
IA0070300,Waterloo Police Department,Iowa,42.499016,-92.33279,67174,WATERLOO,1,1,45,71,57.77777778,57.77777778,increase
AZ0140500,Yuma Police Department,Arizona,32.700336,-114.62042,100710,YUMA,1,1,40,63,57.5,57.5,increase
ID0010100,Boise Police Department,Idaho,43.60671,-116.26885,231902,BOISE,1,1,49,77,57.14285714,57.14285714,increase
MI5084900,Clinton Township Police Department,Michigan,42.57993,-82.904144,100094,CLINTON TOWNSHIP,1,1,35,55,57.14285714,57.14285714,increase
TX0430600,Plano Police Department,Texas,33.0179,-96.70228,294496,PLANO,1,1,53,83,56.60377358,56.60377358,increase
NC0350000,Franklin County Sheriff's Office,North Carolina,36.088241,-78.28309,60066,LOUISBURG,1,1,16,25,56.25,56.25,increase
MA0030800,Fall River Police Department,Massachusetts,41.78334,-71.12577,90618,FALL RIVER,1,1,45,70,55.55555556,55.55555556,increase
MA0091100,Cambridge Police Department,Massachusetts,42.36524,-71.10541,121699,CAMBRIDGE,1,1,18,28,55.55555556,55.55555556,increase
OR0100000,Douglas County Sheriff's Office,Oregon,43.210407,-123.34182,65755,ROSEBURG,1,1,9,14,55.55555556,55.55555556,increase
WA0030100,Kennewick Police Department,Washington,46.20264,-119.120224,85595,KENNEWICK,1,1,38,59,55.26315789,55.26315789,increase
MN0550100,Rochester Police Department,Minnesota,44.019302,-92.460846,121225,ROCHESTER,1,1,20,31,55,55,increase
WA0340000,Thurston County Sheriff's Office,Washington,46.932598,-122.829441,149990,OLYMPIA,1,1,20,31,55,55,increase
NC0110000,Buncombe County Sheriff's Office,North Carolina,35.59564,-82.56017,146671,ASHEVILLE,0,0,51,23,-54.90196078,54.90196078,decrease
SC0380000,Orangeburg County Sheriff's Office,South Carolina,33.436135,-80.802913,64641,ORANGEBURG,1,1,196,302,54.08163265,54.08163265,increase
MI4183400,Wyoming Police Department,Michigan,42.921856,-85.69716,77094,GRAND RAPIDS,1,1,43,66,53.48837209,53.48837209,increase
TN0750100,Murfreesboro Police Department,Tennessee,35.84415,-86.391716,155652,MURFREESBORO,1,1,107,164,53.27102804,53.27102804,increase
OH0480700,Toledo Police Department,Ohio,41.65603,-83.535126,269941,TOLEDO,1,1,594,902,51.85185185,51.85185185,increase
TX0460100,New Braunfels Police Department,Texas,29.692354,-98.11035,100427,NEW BRAUNFELS,1,1,27,41,51.85185185,51.85185185,increase
OH0760400,Canton Police Department,Ohio,40.79727,-81.37636,69623,CANTON,1,1,192,291,51.5625,51.5625,increase
CO0640100,Broomfield Police Department,Colorado,39.921543,-105.07059,73077,BROOMFIELD,0,1,2,3,50,50,increase
CT0005100,Fairfield Police Department,Connecticut,41.139725,-73.25669,62473,FAIRFIELD,0,0,2,1,-50,50,decrease
CTCSP0000,Connecticut State Police,Connecticut,41.5685,-72.728714,543228,MIDDLETOWN,0,1,10,15,50,50,increase
ID0010300,Meridian Police Department,Idaho,43.451477,-116.244376,126744,MERIDIAN,1,1,16,24,50,50,increase
ID0140000,Canyon County Sheriff's Office,Idaho,43.66518,-116.68237,67118,CALDWELL,0,1,10,15,50,50,increase
KY0080000,Boone County Sheriff's Office,Kentucky,38.974595,-84.731431,103832,BURLINGTON,1,1,2,3,50,50,increase
KY0470000,Hardin County Sheriff's Office,Kentucky,37.693172,-85.857796,51133,ELIZABETHTOWN,1,0,2,1,-50,50,decrease
MA0093000,Medford Police Department,Massachusetts,42.416054,-71.11058,61819,MEDFORD,0,0,10,5,-50,50,decrease
MI0910900,Bay County Sheriff's Office,Michigan,43.608883,-83.85207,57772,BAY CITY,0,1,4,6,50,50,increase
MN0100000,Carver County Sheriff's Office,Minnesota,44.788643,-93.594,80845,CHASKA,0,1,2,3,50,50,increase
MO0920400,St. Peters Police Department,Missouri,38.781102,-90.674915,58597,ST PETERS,1,1,6,9,50,50,increase
ND0080100,Bismarck Police Department,North Dakota,46.80085,-100.778694,75396,BISMARCK,0,1,2,3,50,50,increase
OR0220100,Albany Police Department,Oregon,44.629757,-123.09799,56746,ALBANY,1,0,4,2,-50,50,decrease
TN0790100,Collierville Police Department,Tennessee,35.042213,-89.667854,52059,COLLIERVILLE,0,0,18,9,-50,50,decrease
VA0880000,Spotsylvania County Sheriff's Office,Virginia,38.182311,-77.65628,139928,SPOTSYLVANIA,1,1,8,12,50,50,increase
WI0050000,Brown County Sheriff's Office,Wisconsin,44.473961,-87.995926,102245,GREEN BAY,0,0,2,1,-50,50,decrease
UT0182500,West Valley Police Department,Utah,40.694046,-111.96,134329,WEST VALLEY CITY,0,1,57,85,49.12280702,49.12280702,increase
OH0470500,Lorain Police Department,Ohio,41.467964,-82.179665,63859,LORAIN,1,1,45,67,48.88888889,48.88888889,increase
MI7017000,Ottawa County Sheriff's Office,Michigan,42.942818,-86.08693,257424,WEST OLIVE,1,1,35,52,48.57142857,48.57142857,increase
OH0570000,Montgomery County Sheriff's Office,Ohio,39.759624,-84.20099,64743,DAYTON,1,1,48,71,47.91666667,47.91666667,increase
MI8121800,Ann Arbor Police Department,Michigan,42.252327,-83.844634,119805,ANN ARBOR,1,1,19,28,47.36842105,47.36842105,increase
TN0750200,Smyrna Police Department,Tennessee,35.843369,-86.417213,54645,SMYRNA,0,1,32,47,46.875,46.875,increase
TX2460000,Williamson County Sheriff's Office,Texas,30.648024,-97.6788,133276,GEORGETOWN,1,1,30,44,46.66666667,46.66666667,increase
SC0320000,Lexington County Sheriff's Office,South Carolina,33.97945,-81.24931,224918,LEXINGTON,1,1,114,167,46.49122807,46.49122807,increase
WA0272300,Lakewood Police Department,Washington,47.172527,-122.50711,61325,LAKEWOOD,1,1,69,101,46.37681159,46.37681159,increase
SC0460000,York County Sheriff's Office,South Carolina,34.98478,-81.20186,158843,YORK,1,1,54,79,46.2962963,46.2962963,increase
CO0210000,El Paso County Sheriff's Office,Colorado,38.830826,-104.823685,190502,COLORADO SPRINGS,1,1,87,127,45.97701149,45.97701149,increase
WA0170000,King County Sheriff's Office,Washington,47.602222,-122.33089,231851,SEATTLE,1,1,48,70,45.83333333,45.83333333,increase
VA0080000,Augusta County Sheriff's Office,Virginia,38.167807,-79.146682,76742,VERONA,0,0,11,6,-45.45454545,45.45454545,decrease
WI0050200,Green Bay Police Department,Wisconsin,44.511395,-88.01636,103826,GREEN BAY,0,1,40,58,45,45,increase
VA0890000,Stafford County Sheriff's Office,Virginia,38.415386,-77.454872,159532,STAFFORD,1,1,49,71,44.89795918,44.89795918,increase
MA0071800,Springfield Police Department,Massachusetts,42.108536,-72.584915,154098,SPRINGFIELD,1,1,159,230,44.65408805,44.65408805,increase
ID0100000,Bonneville County Sheriff's Office,Idaho,43.494877,-112.04055,62285,IDAHO FALLS,1,1,9,13,44.44444444,44.44444444,increase
MI5074000,Shelby Township Police Department,Michigan,42.68191,-83.03435,82164,UTICA,1,1,9,13,44.44444444,44.44444444,increase
OH0700000,Richland County Sheriff's Office,Ohio,40.7582,-82.491455,51714,MANSFIELD,1,1,9,13,44.44444444,44.44444444,increase
CO0010400,Thornton Police Department,Colorado,39.868996,-104.984215,151324,THORNTON,1,1,16,23,43.75,43.75,increase
TN0190100,Nashville Metropolitan Police Department,Tennessee,36.16728,-86.77937,690553,NASHVILLE,1,1,1490,2139,43.55704698,43.55704698,increase
SC0100100,Charleston Police Department,South Carolina,32.787556,-79.95888,141768,CHARLESTON,1,1,124,178,43.5483871,43.5483871,increase
KS0460900,Shawnee Police Department,Kansas,39.02212,-94.77992,66710,SHAWNEE,1,1,23,33,43.47826087,43.47826087,increase
IA0820200,Davenport Police Department,Iowa,41.523746,-90.57706,102014,DAVENPORT,1,1,121,173,42.97520661,42.97520661,increase
NC0130000,Cabarrus County Sheriff's Office,North Carolina,35.387845,-80.552868,79911,CONCORD,1,1,7,10,42.85714286,42.85714286,increase
NC0920200,Apex Police Department,North Carolina,35.733063,-78.85477,67878,APEX,0,0,7,4,-42.85714286,42.85714286,decrease
OH0730000,Scioto County Sheriff's Office,Ohio,38.74373,-82.99219,52464,PORTSMOUTH,0,0,7,4,-42.85714286,42.85714286,decrease
UT0181800,South Jordan Police Department,Utah,40.667883,-111.92424,81919,SOUTH JORDAN,1,1,7,10,42.85714286,42.85714286,increase
WA0340100,Olympia Police Department,Washington,47.04081,-122.89205,54322,OLYMPIA,0,1,7,10,42.85714286,42.85714286,increase
OH0770100,Akron Police Department,Ohio,41.07928,-81.518654,195701,AKRON,1,1,304,434,42.76315789,42.76315789,increase
SC0280000,Kershaw County Sheriff's Office,South Carolina,34.338356,-80.590885,57578,LUGOFF,1,1,38,54,42.10526316,42.10526316,increase
KY1140100,Bowling Green Police Department,Kentucky,36.995796,-86.44383,71826,BOWLING GREEN,1,1,12,17,41.66666667,41.66666667,increase
SC0100300,Mount Pleasant Police Department,South Carolina,32.8015,-79.89017,95657,MOUNT PLEASANT,0,1,12,17,41.66666667,41.66666667,increase
UT0270100,St. George Police Department,Utah,37.112602,-113.57904,94601,ST GEORGE,1,1,12,17,41.66666667,41.66666667,increase
MI5080600,Warren Police Department,Michigan,42.671467,-82.910869,132758,WARREN,1,1,90,127,41.11111111,41.11111111,increase
NM0010100,Albuquerque Police Department,New Mexico,35.089184,-106.65081,564147,ALBUQUERQUE,1,1,1211,1708,41.04046243,41.04046243,increase
VA0800300,Roanoke County Police Department,Virginia,37.320732,-80.02192,86464,ROANOKE,1,1,32,45,40.625,40.625,increase
MI631910X,Rochester Hills Police Department,Michigan,,,74426,,1,0,5,3,-40,40,decrease
CO0180000,Douglas County Sheriff's Office,Colorado,39.40472,-104.87107,213896,CASTLE ROCK,1,1,45,63,40,40,increase
MI2812800,Grand Traverse County Sheriff's Office,Michigan,44.752533,-85.607414,79332,TRAVERSE CITY,1,1,10,14,40,40,increase
MO0490700,Joplin Police Department,Missouri,37.088596,-94.51099,50970,JOPLIN,0,1,20,28,40,40,increase
NC0320100,Durham Police Department,North Carolina,35.99697,-78.90893,291962,DURHAM,1,1,410,574,40,40,increase
UT0030100,Logan Police Department,Utah,41.68679,-111.82526,52015,LOGAN,0,1,5,7,40,40,increase
TX2490000,Wise County Sheriff's Office,Texas,33.23077,-97.6118,53973,DECATUR,0,0,23,14,-39.13043478,39.13043478,decrease
MI8234900,Detroit Police Department,Michigan,42.33564,-83.04305,673708,DETROIT,1,1,3163,4379,38.4445147,38.4445147,increase
OR0030000,Clackamas County Sheriff's Office,Oregon,45.32985,-122.600235,242708,OREGON CITY,1,1,29,40,37.93103448,37.93103448,increase
MA0122000,Plymouth Police Department,Massachusetts,41.92974,-70.65795,66289,PLYMOUTH,0,0,8,5,-37.5,37.5,decrease
MI4414400,Lapeer County Sheriff's Office,Michigan,43.034912,-83.352104,59320,LAPEER,0,1,8,11,37.5,37.5,increase
MI8118100,Washtenaw County Sheriff's Office,Michigan,42.256195,-83.68076,164766,ANN ARBOR,1,1,67,92,37.31343284,37.31343284,increase
NC0600100,Charlotte-Mecklenburg Police Department,North Carolina,35.222885,-80.83796,956282,CHARLOTTE,1,1,1517,2079,37.0468029,37.0468029,increase
NC0130200,Kannapolis Police Department,North Carolina,35.493385,-80.62674,53044,KANNAPOLIS,1,1,27,37,37.03703704,37.03703704,increase
UT0180600,West Jordan Police Department,Utah,40.605957,-111.93876,117862,WEST JORDAN,1,1,19,26,36.84210526,36.84210526,increase
LA0370000,Ouachita Parish Sheriff's Office,Louisiana,32.477664,-92.154848,85870,MONROE,1,1,85,116,36.47058824,36.47058824,increase
TN0180000,Cumberland County Sheriff's Office,Tennessee,35.941387,-85.02328,50433,CROSSVILLE,1,1,11,15,36.36363636,36.36363636,increase
TX1700100,Conroe Police Department,Texas,30.299402,-95.504008,99965,CONROE,1,1,44,60,36.36363636,36.36363636,increase
TN0470000,Knox County Sheriff's Office,Tennessee,35.992726,-83.937721,290703,KNOXVILLE,0,1,89,121,35.95505618,35.95505618,increase
SC0400100,Columbia Police Department,South Carolina,34.00228,-81.040215,132255,COLUMBIA,1,1,248,337,35.88709677,35.88709677,increase
SC0290000,Lancaster County Sheriff's Office,South Carolina,34.686818,-80.703688,92680,LANCASTER,1,1,79,107,35.44303797,35.44303797,increase
SC0040000,Anderson County Sheriff's Office,South Carolina,34.519549,-82.638086,156284,ANDERSON,1,1,191,258,35.07853403,35.07853403,increase
SC0100800,North Charleston Police Department,South Carolina,32.87881,-80.01314,121060,NORTH CHARLESTON,1,1,240,324,35,35,increase
TXDPD0000,Dallas Police Department,Texas,32.76778,-96.7956,1349185,DALLAS,1,1,2851,3839,34.65450719,34.65450719,increase
SC0180200,Summerville Police Department,South Carolina,33.024467,-80.176,54438,SUMMERVILLE,0,0,29,19,-34.48275862,34.48275862,decrease
TX0790000,Fort Bend County Sheriff's Office,Texas,29.574139,-95.75133,526388,RICHMOND,1,1,238,318,33.61344538,33.61344538,increase
CT0003400,Danbury Police Department,Connecticut,41.40037,-73.45838,84631,DANBURY,0,0,3,2,-33.33333333,33.33333333,decrease
VA0340000,Frederick County Sheriff's Office,Virginia,39.184128,-78.16244,88794,WINCHESTER,0,0,6,4,-33.33333333,33.33333333,decrease
VA0470100,James City County Police Department,Virginia,37.324427,-76.778319,78587,WILLIAMSBURG,1,0,6,4,-33.33333333,33.33333333,decrease
CO0390100,Grand Junction Police Department,Colorado,39.019492,-108.461837,63928,GRAND JUNCTION,1,1,42,56,33.33333333,33.33333333,increase
ID0420200,Twin Falls Police Department,Idaho,42.352309,-114.665639,52158,TWIN FALLS,1,1,21,28,33.33333333,33.33333333,increase
KY1140000,Warren County Sheriff's Office,Kentucky,36.992683,-86.44256,64226,BOWLING GREEN,1,1,3,4,33.33333333,33.33333333,increase
MA0031100,New Bedford Police Department,Massachusetts,41.638344,-70.94959,96346,NEW BEDFORD,1,1,33,44,33.33333333,33.33333333,increase
MI8253800,Livonia Police Department,Michigan,42.284664,-83.261953,92852,LIVONIA,1,1,27,36,33.33333333,33.33333333,increase
NC0600600,Huntersville Police Department,North Carolina,35.246862,-80.833832,60450,HUNTERSVILLE,1,1,15,20,33.33333333,33.33333333,increase
NC0740000,Pitt County Sheriff's Office,North Carolina,35.591095,-77.372376,61460,GREENVILLE,1,1,24,32,33.33333333,33.33333333,increase
TN0940100,Franklin Police Department,Tennessee,35.895096,-86.896757,87969,FRANKLIN,1,1,24,32,33.33333333,33.33333333,increase
TX0611200,Flower Mound Police Department,Texas,33.041096,-97.04453,83367,FLOWER MOUND,1,1,3,4,33.33333333,33.33333333,increase
TX2202100,North Richland Hills Police Department,Texas,32.77204,-97.291291,72881,NORTH RICHLAND HILLS,1,1,24,32,33.33333333,33.33333333,increase
WA0180000,Kitsap County Sheriff's Office,Washington,47.538002,-122.63901,178144,PORT ORCHARD,1,1,21,28,33.33333333,33.33333333,increase
LA0100000,Calcasieu Parish Sheriff's Office,Louisiana,30.227667,-93.14113,89562,LAKE CHARLES,1,1,80,106,32.5,32.5,increase
TX2200100,Arlington Police Department,Texas,32.73912,-97.113525,402323,ARLINGTON,1,1,476,630,32.35294118,32.35294118,increase
OHCIP0000,Cincinnati Police Department,Ohio,39.103947,-84.518715,305308,CINCINNATI,1,1,653,862,32.00612557,32.00612557,increase
OR0240200,Salem Police Department,Oregon,44.93544,-123.04113,178106,SALEM,1,1,69,91,31.88405797,31.88405797,increase
CO0350400,Loveland Police Department,Colorado,40.402042,-105.08795,85349,LOVELAND,1,1,22,29,31.81818182,31.81818182,increase
AR0630000,Saline County Sheriff's Office,Arkansas,34.556995,-92.57763,52870,BENTON,0,1,19,25,31.57894737,31.57894737,increase
OH0710000,Ross County Sheriff's Office,Ohio,39.333927,-82.9823,55080,CHILLICOTHE,0,0,19,13,-31.57894737,31.57894737,decrease
TN0570100,Jackson Police Department,Tennessee,35.610466,-88.81519,67462,JACKSON,1,1,160,210,31.25,31.25,increase
TN0750000,Rutherford County Sheriff's Office,Tennessee,35.83635,-86.409584,102340,MURFREESBORO,1,1,48,63,31.25,31.25,increase
WI0130100,Madison Police Department,Wisconsin,43.072285,-89.38322,266199,MADISON,1,1,64,84,31.25,31.25,increase
SC0430000,Sumter County Sheriff's Office,South Carolina,33.92161,-80.33941,65041,SUMTER,1,1,117,153,30.76923077,30.76923077,increase
TX0310100,Brownsville Police Department,Texas,25.90872,-97.49824,184287,BROWNSVILLE,1,1,75,98,30.66666667,30.66666667,increase
TX1520200,Lubbock Police Department,Texas,33.611469,-101.819944,265990,LUBBOCK,1,1,442,577,30.54298643,30.54298643,increase
DE0020600,Wilmington Police Department,Delaware,39.73873,-75.548965,70331,WILMINGTON,1,1,190,248,30.52631579,30.52631579,increase
NC0410300,High Point Police Department,North Carolina,35.95928,-79.99295,114492,HIGH POINT,0,0,246,171,-30.48780488,30.48780488,decrease
WA0320000,Spokane County Sheriff's Office,Washington,47.665245,-117.42813,167512,SPOKANE,1,1,23,30,30.43478261,30.43478261,increase
TX1880100,Amarillo Police Department,Texas,35.398675,-101.893804,200515,AMARILLO,1,1,285,371,30.1754386,30.1754386,increase
TN0790000,Shelby County Sheriff's Office,Tennessee,35.14924,-90.047455,129903,MEMPHIS,1,1,130,169,30,30,increase
MI3813800,Jackson County Sheriff's Office,Michigan,42.244713,-84.40929,65559,JACKSON,1,1,17,22,29.41176471,29.41176471,increase
AR0040200,Rogers Police Department,Arkansas,36.337825,-94.256187,72122,ROGERS,0,0,41,29,-29.26829268,29.26829268,decrease
MS0240000,Harrison County Sheriff's Office,Mississippi,30.372425,-89.09032,54419,GULFPORT,1,1,7,9,28.57142857,28.57142857,increase
AR0040100,Bentonville Police Department,Arkansas,36.38833,-94.21991,60329,BENTONVILLE,1,0,7,5,-28.57142857,28.57142857,decrease
VA0530000,Loudoun County Sheriff's Office,Virginia,39.10288,-77.55814,367598,LEESBURG,0,0,14,10,-28.57142857,28.57142857,decrease
AR0230100,Conway Police Department,Arkansas,35.08855,-92.43863,69018,CONWAY,1,1,46,59,28.26086957,28.26086957,increase
VA1160000,Newport News Police Department,Virginia,37.02934,-76.45062,178662,NEWPORT NEWS,1,1,289,370,28.02768166,28.02768166,increase
MO0110100,St. Joseph Police Department,Missouri,39.76904,-94.85424,73821,SAINT JOSEPH,1,0,62,45,-27.41935484,27.41935484,decrease
GA0380000,Coweta County Sheriff's Office,Georgia,33.382137,-84.78246,100674,NEWNAN,1,1,33,42,27.27272727,27.27272727,increase
WI0710300,Oshkosh Police Department,Wisconsin,44.085707,-88.668149,66513,OSHKOSH,0,0,11,8,-27.27272727,27.27272727,decrease
MI631900X,Pontiac Police Department,Michigan,,,58834,,1,1,126,160,26.98412698,26.98412698,increase
NC0650200,Wilmington Police Department,North Carolina,34.177466,-77.871378,126759,WILMINGTON,0,0,165,122,-26.06060606,26.06060606,decrease
CO0070400,Longmont Police Department,Colorado,40.162106,-105.10189,99714,LONGMONT,1,1,60,75,25,25,increase
IA0780100,Council Bluffs Police Department,Iowa,41.340184,-95.544905,62202,COUNCIL BLUFFS,0,0,24,18,-25,25,decrease
MA0130400,Revere Police Department,Massachusetts,42.40302,-71.00097,52860,REVERE,1,0,16,12,-25,25,decrease
MT0160000,Gallatin County Sheriff's Office,Montana,45.673363,-111.06,54792,BOZEMAN,1,1,16,20,25,25,increase
VA0290100,Fairfax County Police Department,Virginia,38.84565,-77.311455,1114842,FAIRFAX,0,1,32,40,25,25,increase
AZ0071100,Gilbert Police Department,Arizona,33.330627,-111.78834,272941,GILBERT,1,1,41,51,24.3902439,24.3902439,increase
DE0020300,New Castle County Police Department,Delaware,39.707096,-75.56667,425296,NEW CASTLE,0,1,136,169,24.26470588,24.26470588,increase
SC0210000,Florence County Sheriff's Office,South Carolina,34.054146,-79.73676,82188,EFFINGHAM,1,1,121,150,23.96694215,23.96694215,increase
SC0160000,Darlington County Sheriff's Office,South Carolina,34.332185,-79.962115,50394,DARLINGTON,1,1,122,151,23.7704918,23.7704918,increase
TN0630100,Clarksville Police Department,Tennessee,36.500354,-87.380887,164336,CLARKSVILLE,1,1,225,278,23.55555556,23.55555556,increase
NC0120000,Burke County Sheriff's Office,North Carolina,35.746182,-81.70618,63207,MORGANTON,1,1,13,16,23.07692308,23.07692308,increase
WA0230000,Mason County Sheriff's Office,Washington,47.354126,-123.17385,57443,SHELTON,0,0,13,10,-23.07692308,23.07692308,decrease
CO0210100,Colorado Springs Police Department,Colorado,38.82436,-104.822075,488747,COLORADO SPRINGS,1,1,474,583,22.99578059,22.99578059,increase
AR0160100,Jonesboro Police Department,Arkansas,35.838394,-90.70817,81208,JONESBORO,1,1,81,99,22.22222222,22.22222222,increase
CO0180500,Parker Police Department,Colorado,39.326435,-104.926199,60178,PARKER,1,1,9,11,22.22222222,22.22222222,increase
CT0006200,Hamden Police Department,Connecticut,41.349717,-72.900204,60165,HAMDEN,1,1,9,11,22.22222222,22.22222222,increase
MI1323700,Battle Creek Police Department,Michigan,42.31664,-85.1799,60134,BATTLE CREEK,1,1,81,99,22.22222222,22.22222222,increase
NC0970000,Wilkes County Sheriff's Office,North Carolina,36.145123,-81.16558,59319,WILKESBORO,0,0,18,14,-22.22222222,22.22222222,decrease
OK0600200,Stillwater Police Department,Oklahoma,36.079225,-96.975255,50786,STILLWATER,0,0,9,7,-22.22222222,22.22222222,decrease
WI0180100,Eau Claire Police Department,Wisconsin,44.726355,-91.286414,69372,EAU CLAIRE,0,0,9,7,-22.22222222,22.22222222,decrease
MOKPD0000,Kansas City Police Department,Missouri,39.100594,-94.57735,500965,KANSAS CITY,1,1,1565,1910,22.04472843,22.04472843,increase
WI0411600,West Allis Police Department,Wisconsin,43.017652,-87.481549,60176,MILWAUKEE,0,0,14,11,-21.42857143,21.42857143,decrease
TX1840000,Parker County Sheriff's Office,Texas,32.75919,-97.787056,95018,WEATHERFORD,1,1,33,40,21.21212121,21.21212121,increase
CO0070100,Boulder Police Department,Colorado,40.018864,-105.24995,108698,BOULDER,1,1,24,29,20.83333333,20.83333333,increase
TX2400100,Laredo Police Department,Texas,27.536282,-99.47004,266489,LAREDO,1,1,101,122,20.79207921,20.79207921,increase
MI0310300,Allegan County Sheriff's Office,Michigan,42.527992,-85.8526,92655,ALLEGAN,1,1,10,12,20,20,increase
NC0130100,Concord Police Department,North Carolina,35.387845,-80.552868,100631,CONCORD,0,0,30,24,-20,20,decrease
NC0740300,Greenville Police Department,North Carolina,35.591095,-77.372376,95815,GREENVILLE,1,1,100,120,20,20,increase
OH0450100,Newark Police Department,Ohio,40.093609,-82.481251,50980,NEWARK,0,1,10,12,20,20,increase
WA0290000,Skagit County Sheriff's Office,Washington,48.41821,-122.33612,54563,MOUNT VERNON,0,0,5,4,-20,20,decrease
NC0330100,Rocky Mount Police Department,North Carolina,35.965945,-77.987555,53305,ROCKY MOUNT,1,1,121,145,19.83471074,19.83471074,increase
TN0820000,Sullivan County Sheriff's Office,Tennessee,36.510213,-82.299396,79128,BLOUNTVILLE,1,1,41,49,19.51219512,19.51219512,increase
SC0070000,Beaufort County Sheriff's Office,South Carolina,32.358147,-80.68932,136862,BEAUFORT,0,1,114,136,19.29824561,19.29824561,increase
TX0430500,McKinney Police Department,Texas,33.194745,-96.579846,217841,MCKINNEY,1,1,57,68,19.29824561,19.29824561,increase
TN0780000,Sevier County Sheriff's Office,Tennessee,35.791253,-83.521972,71237,SEVIERVILLE,1,1,21,25,19.04761905,19.04761905,increase
IA0770300,Des Moines Police Department,Iowa,41.684281,-93.56972,213060,DES MOINES,0,0,158,128,-18.98734177,18.98734177,decrease
NC0140000,Caldwell County Sheriff's Office,North Carolina,35.893574,-81.571625,54097,LENOIR,1,1,16,19,18.75,18.75,increase
MA0092700,Malden Police Department,Massachusetts,42.481711,-71.394917,60433,MALDEN,0,1,11,13,18.18181818,18.18181818,increase
MI8018000,Van Buren County Sheriff's Office,Michigan,42.2187,-85.89084,54638,PAW PAW,1,0,11,9,-18.18181818,18.18181818,decrease
MA0120300,Brockton Police Department,Massachusetts,42.085533,-71.01567,100516,BROCKTON,0,1,61,72,18.03278689,18.03278689,increase
TX0920500,Longview Police Department,Texas,32.486397,-94.816276,81846,LONGVIEW,0,0,95,78,-17.89473684,17.89473684,decrease
SC0260400,Horry County Police Department,South Carolina,33.909269,-78.976675,278374,CONWAY,1,1,189,221,16.93121693,16.93121693,increase
CT0013800,Stratford Police Department,Connecticut,41.200733,-73.12911,51683,STRATFORD,0,1,6,7,16.66666667,16.66666667,increase
OH0830000,Warren County Sheriff's Office,Ohio,39.421608,-84.201096,101708,LEBANON,0,1,6,7,16.66666667,16.66666667,increase
OR0340400,Tigard Police Department,Oregon,45.4259,-122.765755,56914,TIGARD,1,1,12,14,16.66666667,16.66666667,increase
VA0330000,Franklin County Sheriff's Office,Virginia,36.99557,-79.88817,51391,ROCKY MOUNT,0,1,6,7,16.66666667,16.66666667,increase
KS0810000,Riley County Police Department,Kansas,39.291211,-96.727489,73750,MANHATTAN,0,0,42,35,-16.66666667,16.66666667,decrease
NC0630000,Moore County Sheriff's Office,North Carolina,35.310163,-79.480664,50309,CARTHAGE,1,0,6,5,-16.66666667,16.66666667,decrease
WA0170800,Kirkland Police Department,Washington,47.678806,-122.20785,97027,KIRKLAND,0,0,6,5,-16.66666667,16.66666667,decrease
SC0420000,Spartanburg County Sheriff's Office,South Carolina,34.933239,-81.991053,251038,SPARTANBURG,1,1,217,253,16.58986175,16.58986175,increase
NC0960000,Wayne County Sheriff's Office,North Carolina,35.362747,-78.004819,80391,GOLDSBORO,1,1,43,50,16.27906977,16.27906977,increase
SC0230000,Greenville County Sheriff's Office,South Carolina,34.852623,-82.38797,362031,GREENVILLE,0,1,328,381,16.15853659,16.15853659,increase
MA0051400,Lynn Police Department,Massachusetts,42.46463,-70.949905,95727,LYNN,1,0,44,37,-15.90909091,15.90909091,decrease
CT0015100,Waterbury Police Department,Connecticut,41.349717,-72.900204,106480,WATERBURY,1,1,32,37,15.625,15.625,increase
TN0950000,Wilson County Sheriff's Office,Tennessee,36.21229,-86.28905,71326,LEBANON,0,1,13,15,15.38461538,15.38461538,increase
RI0040900,Providence Police Department,Rhode Island,41.869765,-71.578626,185868,PROVIDENCE,0,1,85,98,15.29411765,15.29411765,increase
VA1110000,Hampton Police Department,Virginia,37.04803,-76.297149,135107,HAMPTON,1,1,97,111,14.43298969,14.43298969,increase
IA0770000,Polk County Sheriff's Office,Iowa,41.58507,-93.62434,59719,DES MOINES,0,0,7,6,-14.28571429,14.28571429,decrease
WA0370000,Whatcom County Sheriff's Office,Washington,48.75403,-122.4796,93353,BELLINGHAM,0,0,14,12,-14.28571429,14.28571429,decrease
TN0630000,Montgomery County Sheriff's Office,Tennessee,36.52607,-87.35954,55481,CLARKSVILLE,0,1,21,24,14.28571429,14.28571429,increase
DE301SP00,State Police: Kent County,Delaware,39.097088,-75.502982,113593,DOVER,0,0,51,44,-13.7254902,13.7254902,decrease
MT0150000,Flathead County Sheriff's Office,Montana,48.189655,-114.3104,67563,KALISPELL,1,1,30,34,13.33333333,13.33333333,increase
SC0400000,Richland County Sheriff's Office,South Carolina,34.029783,-80.896566,264424,COLUMBIA,0,1,570,644,12.98245614,12.98245614,increase
CT0001500,Bridgeport Police Department,Connecticut,41.227399,-73.366523,143394,BRIDGEPORT,0,0,116,101,-12.93103448,12.93103448,decrease
CO0510000,Pueblo County Sheriff's Office,Colorado,38.170658,-104.489892,55231,PUEBLO,0,0,8,7,-12.5,12.5,decrease
MA0091800,Framingham Police Department,Massachusetts,42.481711,-71.394917,75042,FRAMINGHAM,0,0,8,7,-12.5,12.5,decrease
NC0820000,Sampson County Sheriff's Office,North Carolina,34.995235,-78.30078,53126,CLINTON,0,0,40,35,-12.5,12.5,decrease
OR0340300,Hillsboro Police Department,Oregon,45.5212,-122.973854,113053,HILLSBORO,1,1,16,18,12.5,12.5,increase
TX2350100,Victoria Police Department,Texas,28.79637,-96.971198,67272,VICTORIA,1,1,80,90,12.5,12.5,increase
WV0310000,Monongalia County Sheriff's Office,West Virginia,39.633645,-80.059074,67092,MORGANTOWN,0,1,8,9,12.5,12.5,increase
MS0240200,Gulfport Police Department,Mississippi,30.369255,-89.08911,71803,GULFPORT,1,1,68,76,11.76470588,11.76470588,increase
OH0184200,Parma Police Department,Ohio,41.382565,-81.72852,77674,CLEVELAND,1,1,17,19,11.76470588,11.76470588,increase
NC0790000,Rockingham County Sheriff's Office,North Carolina,36.38109,-79.782818,55171,WENTWORTH,0,0,9,8,-11.11111111,11.11111111,decrease
UT0060300,Layton Police Department,Utah,41.06627,-111.95716,80230,LAYTON,0,1,9,10,11.11111111,11.11111111,increase
WI0520200,Racine Police Department,Wisconsin,42.72528,-87.789406,76018,RACINE,1,1,28,31,10.71428571,10.71428571,increase
KS0890000,Shawnee County Sheriff's Office,Kansas,39.055595,-95.6716,50092,TOPEKA,0,0,19,17,-10.52631579,10.52631579,decrease
MI5072200,St. Clair Shores Police Department,Michigan,42.496677,-82.888504,58254,SAINT CLAIR SHORES,1,1,10,11,10,10,increase
VA1120000,Harrisonburg Police Department,Virginia,38.450462,-78.86833,53582,HARRISONBURG,1,0,11,10,-9.090909091,9.090909091,decrease
MA0146000,Worcester Police Department,Massachusetts,42.27213,-71.79874,186365,WORCESTER,1,1,111,121,9.009009009,9.009009009,increase
NH0063400,Manchester Police Department,New Hampshire,42.989944,-71.46063,112844,MANCHESTER,0,0,104,95,-8.653846154,8.653846154,decrease
UT0180000,Salt Lake County Unified Police Department,Utah,40.698353,-111.86546,276502,SALT LAKE CITY,0,0,82,75,-8.536585366,8.536585366,decrease
VA1220000,Richmond Police Department,Virginia,37.545868,-77.44456,234928,RICHMOND,0,1,201,218,8.457711443,8.457711443,increase
KY0340200,Lexington Police Department,Kentucky,38.045673,-84.496284,328965,LEXINGTON,1,1,114,123,7.894736842,7.894736842,increase
ID0280000,Kootenai County Sheriff's Office,Idaho,47.677113,-116.694918,71492,COEUR D ALENE,0,0,26,24,-7.692307692,7.692307692,decrease
NC0550000,Lincoln County Sheriff's Office,North Carolina,35.487825,-81.225176,76159,LINCOLNTON,0,1,26,28,7.692307692,7.692307692,increase
SC0220000,Georgetown County Sheriff's Office,South Carolina,33.417531,-79.296333,50835,GEORGETOWN,0,0,39,36,-7.692307692,7.692307692,decrease
MA0031900,Taunton Police Department,Massachusetts,41.90118,-71.08913,58333,TAUNTON,1,0,14,13,-7.142857143,7.142857143,decrease
TN0050000,Blount County Sheriff's Office,Tennessee,35.75494,-83.95834,95199,MARYVILLE,0,0,57,53,-7.01754386,7.01754386,decrease
CO0350300,Fort Collins Police Department,Colorado,40.58892,-105.08077,170744,FORT COLLINS,1,1,29,31,6.896551724,6.896551724,increase
WA0310000,Snohomish County Sheriff's Office,Washington,48.054913,-121.766412,366220,EVERETT,1,1,59,63,6.779661017,6.779661017,increase
MA0070500,Chicopee Police Department,Massachusetts,42.155155,-72.58503,55332,CHICOPEE,0,1,15,16,6.666666667,6.666666667,increase
MA0093900,Somerville Police Department,Massachusetts,42.379456,-71.092606,82123,SOMERVILLE,0,0,15,14,-6.666666667,6.666666667,decrease
SC0100000,Charleston County Sheriff's Office,South Carolina,32.85609,-79.97933,81365,CHARLESTON,1,1,47,50,6.382978723,6.382978723,increase
TX1110000,Hood County Sheriff's Office,Texas,32.430149,-97.831677,51706,GRANBURY,0,1,16,17,6.25,6.25,increase
NC0410200,Greensboro Police Department,North Carolina,36.070328,-79.79291,300865,GREENSBORO,1,1,522,553,5.938697318,5.938697318,increase
WV0200000,Kanawha County Sheriff's Office,West Virginia,38.352394,-81.63982,87321,CHARLESTON,0,0,69,65,-5.797101449,5.797101449,decrease
ID0030200,Pocatello Police Department,Idaho,42.692938,-112.228986,57306,POCATELLO,0,0,18,17,-5.555555556,5.555555556,decrease
SC0180000,Dorchester County Sheriff's Office,South Carolina,33.184483,-80.57813,87958,SAINT GEORGE,0,1,93,98,5.376344086,5.376344086,increase
OR0340100,Beaverton Police Department,Oregon,45.553542,-123.097615,99886,BEAVERTON,1,1,20,21,5,5,increase
VA1200000,Portsmouth Police Department,Virginia,36.85943,-76.356269,94943,PORTSMOUTH,0,0,295,282,-4.406779661,4.406779661,decrease
SC0390000,Pickens County Sheriff's Office,South Carolina,34.88538,-82.723376,74920,PICKENS,0,0,48,46,-4.166666667,4.166666667,decrease
NC0650000,New Hanover County Sheriff's Office,North Carolina,34.32402,-77.89272,98766,CASTLE HAYNE,0,0,26,25,-3.846153846,3.846153846,decrease
NC0410000,Guilford County Sheriff's Office,North Carolina,36.079065,-79.788665,122777,GREENSBORO,1,1,53,55,3.773584906,3.773584906,increase
CT0009300,New Haven Police Department,Connecticut,41.28382,-72.868744,130903,NEW HAVEN,0,1,163,169,3.680981595,3.680981595,increase
VA0420000,Hanover County Sheriff's Office,Virginia,37.760165,-77.490992,101029,HANOVER,1,1,33,34,3.03030303,3.03030303,increase
HI0020000,Honolulu Police Department,Hawaii,21.304317,-157.85077,985138,HONOLULU,0,0,173,168,-2.89017341,2.89017341,decrease
NC0110100,Asheville Police Department,North Carolina,35.609371,-82.530426,93855,ASHEVILLE,1,1,115,118,2.608695652,2.608695652,increase
WA0170100,Auburn Police Department,Washington,47.281998,-122.25281,82158,AUBURN,0,0,39,38,-2.564102564,2.564102564,decrease
MI2539800,Flint Police Department,Michigan,43.01188,-83.68639,94290,FLINT,0,1,299,305,2.006688963,2.006688963,increase
TX0571200,Grand Prairie Police Department,Texas,32.766987,-96.778424,196334,GRAND PRAIRIE,1,0,118,116,-1.694915254,1.694915254,decrease
TX2260100,San Angelo Police Department,Texas,31.401594,-100.461374,102448,SAN ANGELO,0,0,91,90,-1.098901099,1.098901099,decrease
CO0070000,Boulder County Sheriff's Office,Colorado,40.013927,-105.28725,56230,BOULDER,1,0,18,18,0,0,decrease
CO0350000,Larimer County Sheriff's Office,Colorado,40.663091,-105.482131,86763,FORT COLLINS,1,0,26,26,0,0,decrease
CO0620000,Weld County Sheriff's Office,Colorado,40.45202,-104.71033,51700,GREELEY,1,0,27,27,0,0,decrease
CT0001700,Bristol Police Department,Connecticut,41.670544,-72.94299,59659,BRISTOL,0,0,2,2,0,0,decrease
CT0015500,West Hartford Police Department,Connecticut,41.75906,-72.73901,62809,WEST HARTFORD,0,0,1,1,0,0,decrease
IA0770100,Ankeny Police Department,Iowa,41.684281,-93.56972,73109,ANKENY,0,0,8,8,0,0,decrease
IA0850100,Ames Police Department,Iowa,42.037538,-93.466093,67886,AMES,0,0,4,4,0,0,decrease
KY1000000,Pulaski County Sheriff's Office,Kentucky,37.108312,-84.579986,51408,SOMERSET,0,0,1,1,0,0,decrease
MA0051100,Haverhill Police Department,Massachusetts,42.727875,-71.011185,64944,HAVERHILL,1,0,23,23,0,0,decrease
MA0093300,Newton Police Department,Massachusetts,42.34906,-71.22799,88769,WEST NEWTON,1,0,2,2,0,0,decrease
NB0400100,Grand Island Police Department,Nebraska,40.866023,-98.498004,51226,GRAND ISLAND,0,0,13,13,0,0,decrease
OH0230000,Fairfield County Sheriff's Office,Ohio,39.71366,-82.59895,78622,LANCASTER,0,0,11,11,0,0,decrease
OH0480000,Lucas County Sheriff's Office,Ohio,41.656345,-83.537285,54073,TOLEDO,0,0,15,15,0,0,decrease
TN0830000,Sumner County Sheriff's Office,Tennessee,36.387035,-86.446915,59294,GALLATIN,1,0,25,25,0,0,decrease
TN0900000,Washington County Sheriff's Office,Tennessee,36.295665,-82.495037,60029,JOHNSON CITY,0,0,32,32,0,0,decrease
TN0900100,Johnson City Police Department,Tennessee,36.295665,-82.495037,67515,JOHNSON CITY,0,0,50,50,0,0,decrease
TN0940000,Williamson County Sheriff's Office,Tennessee,35.8983,-86.88448,64570,FRANKLIN,1,0,22,22,0,0,decrease
UT0250600,Provo Police Department,Utah,40.120409,-111.668667,116642,PROVO,0,0,2,2,0,0,decrease
VA0710000,Pittsylvania County Sheriff's Office,Virginia,36.821721,-79.398502,55636,CHATHAM,0,0,11,11,0,0,decrease
WA0150000,Island County Sheriff's Office,Washington,48.158554,-122.670649,61188,COUPEVILLE,0,0,4,4,0,0,decrease
WI0320100,La Crosse Police Department,Wisconsin,43.908222,-91.111758,51143,LA CROSSE,1,0,1,1,0,0,decrease
WI0370000,Marathon County Sheriff's Office,Wisconsin,44.957127,-89.62587,55463,WAUSAU,1,0,4,4,0,0,decrease
WI0540200,Janesville Police Department,Wisconsin,42.669931,-89.075119,64768,JANESVILLE,1,0,2,2,0,0,decrease